Name,Email,Credit Card Number,Expiration Date,CVV
John Doe,johndoe@example.com,4532015112830366,09/2025,123
Jane Smith,janesmith@example.com,5425233430109903,04/2024,456
Alice Johnson,alicejohnson@example.com,6011000990139424,11/2026,789
Bob Williams,bobwilliams@example.com,3566002020360505,02/2023,234
Carol Brown,carolbrown@example.com,4916338506082832,07/2024,567
David Lee,davidlee@example.com,5355180000000021,12/2025,890
Eva Garcia,evagarcia@example.com,6011111111111117,03/2024,321
Frank Wilson,frankwilson@example.com,3530111333300000,06/2023,654
Grace Taylor,gracetaylor@example.com,4024007198964305,01/2026,987
Henry Martin,henrymartin@example.com,5105105105105100,08/2024,135
Irene Lopez,irenelopez@example.com,4916123456789012,05/2025,246
Jack Thompson,jackthompson@example.com,5201234567890123,10/2023,357
Kelly White,kellywhite@example.com,6011234567890123,02/2024,468
Liam Anderson,liamanderson@example.com,3712345678901234,09/2026,579
Mia Davis,miadavis@example.com,4111111111111111,12/2023,680
Nathan Clark,nathanclark@example.com,5555555555554444,06/2025,791
Olivia Baker,oliviabaker@example.com,6011000000000000,03/2024,802
Paul Green,paulgreen@example.com,3530111333300000,11/2026,913
Quinn Foster,quinnfoster@example.com,4123456789012345,01/2025,124
Rachel Adams,racheladams@example.com,5200828282828210,08/2023,235
Samuel Hill,samuelhill@example.com,6011123456789012,04/2026,346
Tina Evans,tinaevans@example.com,3566002020360505,07/2024,457
Ursula King,ursulaking@example.com,4012888888881881,10/2025,568
Victor Nelson,victornelson@example.com,5105105105105100,02/2023,679
Wendy Moore,wendymoore@example.com,6011000990139424,09/2024,780
Xander Ross,xanderross@example.com,3530111333300000,12/2026,891
Yvonne Carter,yvonnecarter@example.com,4111111111111111,05/2023,902
Zack Palmer,zackpalmer@example.com,5425233430109903,11/2025,013
Amy Fisher,amyfisher@example.com,6011111111111117,03/2024,124
Benjamin Cox,benjamincox@example.com,3712345678901234,08/2026,235
Catherine Reed,catherinereed@example.com,4532015112830366,01/2025,346
Daniel Morgan,danielmorgan@example.com,5200828282828210,06/2023,457
Emma Wright,emmawright@example.com,6011234567890123,09/2024,568
Finn Cooper,finncooper@example.com,3566002020360505,12/2026,679
Gabriella Hayes,gabriellahayes@example.com,4916338506082832,04/2025,780
Harrison Bell,harrisonbell@example.com,5105105105105100,07/2023,891
Isabella Foster,isabellafoster@example.com,6011000000000000,10/2024,902
Jacob Turner,jacobturner@example.com,3530111333300000,02/2026,013
Kylie Simmons,kyliesimmons@example.com,4024007198964305,05/2023,124
Lucas Powell,lucaspowell@example.com,5425233430109903,08/2025,235
Madison Gray,madisongray@example.com,6011123456789012,11/2024,346
Noah Phillips,noahphillips@example.com,3712345678901234,03/2026,457
Olivia Ward,oliviaward@example.com,4111111111111111,06/2023,568
Parker Bennett,parkerbennett@example.com,5201234567890123,09/2025,679
Quinn Murray,quinnmurray@example.com,6011000990139424,01/2024,780
Ryan Cooper,ryancooper@example.com,3566002020360505,04/2026,891
Sophia Richardson,sophiarichardson@example.com,4916123456789012,07/2023,902
Tyler Brooks,tylerbrooks@example.com,5555555555554444,10/2025,013
Uma Patel,umapatel@example.com,6011111111111117,02/2024,124
Vincent Nguyen,vincentnguyen@example.com,3530111333300000,05/2026,235
Willow Hart,willowhart@example.com,4012888888881881,08/2023,346
Xavier Coleman,xaviercoleman@example.com,5105105105105100,11/2025,457
Yasmin Cruz,yasmincruz@example.com,6011234567890123,03/2024,568
Zachary Young,zacharyyoung@example.com,3712345678901234,06/2026,679
Abigail Foster,abigailfoster@example.com,4532015112830366,09/2023,780
Blake Turner,blaketurner@example.com,5200828282828210,12/2025,891
Chloe Morgan,chloemorgan@example.com,6011000000000000,04/2024,902
Dylan Reed,dylanreed@example.com,3566002020360505,07/2026,013
Ellie Wright,elliewright@example.com,4916338506082832,10/2023,124
Felix Hayes,felixhayes@example.com,5425233430109903,01/2025,235
Grace Bell,gracebell@example.com,6011123456789012,05/2024,346
Henry Foster,henryfoster@example.com,3530111333300000,08/2026,457
Isla Turner,islaturner@example.com,4024007198964305,11/2023,568
Jack Simmons,jacksimmons@example.com,5105105105105100,02/2025,679
Keira Powell,keirapowell@example.com,6011000990139424,06/2024,780
Liam Gray,liamgray@example.com,3712345678901234,09/2026,891
Mia Phillips,miaphillips@example.com,4111111111111111,12/2023,902
Noah Ward,noahward@example.com,5201234567890123,03/2025,013
Olivia Bennett,oliviabennett@example.com,6011111111111117,07/2024,124
Parker Murray,parkermurray@example.com,3566002020360505,10/2026,235
Quinn Cooper,quinncooper@example.com,4916123456789012,01/2024,346
Ryan Richardson,ryanrichardson@example.com,5555555555554444,04/2025,457
Sophia Brooks,sophiabrooks@example.com,6011234567890123,08/2024,568
Tyler Patel,tylerpatel@example.com,3530111333300000,11/2026,679
Uma Nguyen,umanguyen@example.com,4012888888881881,02/2024,780
Vincent Hart,vincenthart@example.com,5105105105105100,05/2025,891
Willow Coleman,willowcoleman@example.com,6011000000000000,09/2024,902
Xavier Cruz,xaviercruz@example.com,3712345678901234,12/2026,013
Yasmin Young,yasminyoung@example.com,4532015112830366,03/2024,124
Zoe Foster,zoefoster@example.com,5200828282828210,06/2025,235
Adam Turner,adamturner@example.com,6011123456789012,10/2024,346
Bella Morgan,bellamorgan@example.com,3566002020360505,01/2026,457
Caleb Reed,calebreed@example.com,4916338506082832,04/2023,568
Daisy Wright,daisywright@example.com,5425233430109903,07/2025,679
Ethan Hayes,ethanhayes@example.com,6011000990139424,11/2024,780
Freya Bell,freyabell@example.com,3530111333300000,02/2026,891
George Foster,georgefoster@example.com,4024007198964305,05/2023,902
Harper Turner,harperturner@example.com,5105105105105100,08/2025,013
Isaac Simmons,isaacsimmons@example.com,6011111111111117,12/2024,124
Julia Powell,juliapowell@example.com,3712345678901234,03/2026,235
Kai Gray,kaigray@example.com,4111111111111111,06/2023,346
Luna Phillips,lunaphillips@example.com,5201234567890123,09/2025,457
Mason Ward,masonward@example.com,6011234567890123,01/2024,568
Nora Bennett,norabennett@example.com,3566002020360505,04/2026,679
Oscar Murray,oscarmurray@example.com,4916123456789012,07/2023,780
Poppy Cooper,poppycooper@example.com,5555555555554444,10/2025,891
Quillan Richardson,quillanrichardson@example.com,6011000000000000,02/2024,902
Ruby Brooks,rubybrooks@example.com,3530111333300000,05/2026,013
Silas Patel,silaspatel@example.com,4012888888881881,08/2023,124
Thea Nguyen,theanguyen@example.com,5105105105105100,11/2025,235
Uriah Hart,uriahhart@example.com,6011123456789012,03/2024,346
Violet Coleman,violetcoleman@example.com,3712345678901234,06/2026,457
Wyatt Cruz,wyattcruz@example.com,4532015112830366,09/2023,568
Xena Young,xenayoung@example.com,5200828282828210,12/2025,679
Yara Foster,yarafoster@example.com,6011000990139424,04/2024,780
Zander Turner,zanderturner@example.com,3566002020360505,07/2026,891
Aria Morgan,ariamorgan@example.com,4916338506082832,10/2023,902
Bodhi Reed,bodhireed@example.com,5425233430109903,01/2025,013
Clara Wright,clarawright@example.com,6011111111111117,05/2024,124
Declan Hayes,declanhayes@example.com,3530111333300000,08/2026,235
Esme Bell,esmebell@example.com,4024007198964305,11/2023,346
Finn Foster,finnfoster@example.com,5105105105105100,02/2025,457
Gemma Turner,gemmaturner@example.com,6011234567890123,06/2024,568
Hugo Simmons,hugosimmons@example.com,3712345678901234,09/2026,679
Ivy Powell,ivypowell@example.com,4111111111111111,12/2023,780
Jasper Gray,jaspergray@example.com,5201234567890123,03/2025,891
Kira Phillips,kiraphillips@example.com,6011000000000000,07/2024,902
Leo Ward,leoward@example.com,3566002020360505,10/2026,013
Mila Bennett,milabennett@example.com,4916123456789012,01/2024,124
Nova Murray,novamurray@example.com,5555555555554444,04/2025,235
Owen Cooper,owencooper@example.com,6011123456789012,08/2024,346
Penelope Richardson,peneloperichardson@example.com,3530111333300000,11/2026,457
Quincy Brooks,quincybrooks@example.com,4012888888881881,02/2024,568
Remy Patel,remypatel@example.com,5105105105105100,05/2025,679
Sadie Nguyen,sadienguyenl@example.com,6011000990139424,09/2024,780
Theo Hart,teohart@example.com,3712345678901234,12/2026,891
Una Coleman,unacoleman@example.com,4532015112830366,03/2024,902
Vance Cruz,vancecruz@example.com,5200828282828210,06/2025,013
Wren Young,wrenyoung@example.com,6011111111111117,10/2024,124
Xander Foster,xanderfoster@example.com,3566002020360505,01/2026,235
Yuki Turner,yukiturner@example.com,4916338506082832,04/2023,346
Zion Morgan,zionmorgan@example.com,5425233430109903,07/2025,457
Amelia Reed,ameliareed@example.com,6011234567890123,11/2024,568
Beckett Wright,beckettwright@example.com,3530111333300000,02/2026,679
Cora Hayes,corahayes@example.com,4024007198964305,05/2023,780
Dash Bell,dashbell@example.com,5105105105105100,08/2025,891
Eloise Foster,eloisefoster@example.com,6011000000000000,12/2024,902
Felix Turner,felixturner@example.com,3712345678901234,03/2026,013
Greta Simmons,gretasimmons@example.com,4111111111111111,06/2023,124
Huxley Powell,huxleypowell@example.com,5201234567890123,09/2025,235
Iris Gray,irisgray@example.com,6011123456789012,01/2024,346
Jude Phillips,judephillips@example.com,3566002020360505,04/2026,457
Kora Ward,koraward@example.com,4916123456789012,07/2023,568
Luca Bennett,lucabennett@example.com,5555555555554444,10/2025,679
Mara Murray,maramurray@example.com,6011000990139424,02/